X.,Name,Type.1,Type.2,Total,HP,Attack,Defense,Sp..Atk,Sp..Def,Speed,Generation,Special,Tier
94,Mega Gengar,Ghost,Poison,600,60,65,80,170,95,130,1,T,A+
115,Mega Kangaskhan,Normal,,590,105,125,100,60,100,100,1,T,A+
150,Mewtwo,Psychic,,680,106,110,90,154,90,130,1,T,A+
150,Mega Mewtwo X,Psychic,Fighting,780,106,190,100,154,100,130,1,T,A+
150,Mega Mewtwo Y,Psychic,,780,106,150,70,194,120,140,1,T,A+
249,Lugia,Psychic,Flying,680,106,90,130,90,154,110,2,T,A+
250,Ho-oh,Fire,Flying,680,106,130,90,110,154,90,2,T,A+
384,Mega Rayquaza,Dragon,Flying,780,105,180,100,180,100,115,3,T,A+
257,Blaziken,Fire,Fighting,530,80,120,70,110,70,80,3,F,A+
257,Mega Blaziken,Fire,Fighting,630,80,160,80,130,80,100,3,T,A+
302,Mega Sableye,Dark,Ghost,480,50,85,125,85,115,20,3,T,A+
303,Mega Mawile,Steel,Fairy,480,50,105,125,55,95,50,3,T,A+
373,Mega Salamence,Dragon,Flying,700,95,145,130,120,90,120,3,T,A+
382,Kyogre,Water,,670,100,100,90,150,140,90,3,T,A+
383,Groudon,Ground,,670,100,150,140,100,90,90,3,T,A+
384,Rayquaza,Dragon,Flying,680,105,150,90,150,90,95,3,T,A+
448,Mega Lucario,Fighting,Steel,625,70,145,88,140,70,112,4,T,A+
483,Dialga,Steel,Dragon,680,100,120,120,150,100,90,4,T,A+
484,Palkia,Water,Dragon,680,90,120,100,150,120,100,4,T,A+
491,Darkrai,Dark,,600,70,90,90,135,90,125,4,T,A+
643,Reshiram,Dragon,Fire,680,100,120,100,150,120,90,5,T,A+
644,Zekrom,Dragon,Electric,680,100,150,120,120,100,90,5,T,A+
649,Genesect,Bug,Steel,600,71,120,95,120,95,99,5,T,A+
658,Greninja,Water,Dark,530,72,95,67,103,71,122,6,F,A+
716,Xerneas,Fairy,,680,126,131,95,131,98,99,6,T,A+
717,Yveltal,Dark,Flying,680,126,131,95,131,98,99,6,T,A+
681,Aegislash,Steel,Ghost,520,60,150,50,150,50,60,6,F,A+
386,Deoxys-A,Psychic,,600,50,180,20,180,20,150,3,T,A+
386,Deoxys,Psychic,,600,50,150,50,150,50,150,3,T,A+
386,Deoxys-S,Psychic,,600,50,95,90,95,90,180,3,T,A+
386,Deoxys-D,Psychic,,600,50,70,160,70,160,90,3,T,A+
487,Giratina,Ghost,Dragon,680,150,100,120,100,120,90,4,T,A+
487,Giratina-O,Ghost,Dragon,680,150,120,100,120,100,90,4,T,A+
646,Kyurem-W,Dragon,Ice,700,125,120,90,170,100,95,5,T,A+
493,Arceus,Normal,,720,120,120,120,120,120,120,4,T,A+
383,Primal Groudon,Ground,Fire,770,100,180,160,150,90,90,3,T,A+
382,Primal Kyogre,Water,,770,100,150,90,180,160,90,3,T,A+
720,Hoopa-U,Psychic,Dark,680,80,160,60,170,130,80,6,T,A+
645,Landorus,Ground,Flying,600,89,125,90,115,80,101,5,T,A+
492,Shaymin-S,Grass,Flying,600,100,103,75,120,75,127,4,T,A+
3,Mega Venusaur,Grass,Poison,625,80,100,123,122,120,80,1,T,A
6,Mega Charizard X,Fire,Dragon,634,78,130,111,130,85,100,1,T,A
6,Mega Charizard Y,Fire,Flying,634,78,104,78,159,115,100,1,T,A
36,Clefable,Fairy,,483,95,70,73,95,90,60,1,F,A
51,Dugtrio,Ground,,405,35,80,50,50,70,120,1,F,A
80,Slowbro,Water,Psychic,490,95,75,110,100,80,30,1,F,A
80,Mega Slowbro,Water,Psychic,590,95,75,180,130,80,30,1,T,A
94,Gengar,Ghost,Poison,500,60,65,60,130,75,110,1,F,A
113,Chansey,Normal,,450,250,5,5,35,105,50,1,F,A
121,Starmie,Water,Psychic,520,60,75,85,100,85,115,1,F,A
127,Mega Pinsir,Bug,Flying,600,65,155,120,65,90,105,1,T,A
145,Zapdos,Electric,Flying,580,90,90,85,125,90,100,1,T,A
149,Dragonite,Dragon,Flying,600,91,134,95,100,100,80,1,F,A
151,Mew,Psychic,,600,100,100,100,100,100,100,1,T,A
184,Azumarill,Water,Fairy,420,100,50,80,60,80,50,2,F,A
212,Scizor,Bug,Steel,500,70,130,100,55,80,65,2,F,A
212,Mega Scizor,Bug,Steel,600,70,150,140,65,100,75,2,T,A
214,Mega Heracross,Bug,Fighting,600,80,185,115,40,105,75,2,T,A
227,Skarmory,Steel,Flying,465,65,80,140,40,70,70,2,F,A
243,Raikou,Electric,,580,90,85,75,115,100,115,2,T,A
248,Tyranitar,Rock,Dark,600,100,134,110,95,100,61,2,F,A
248,Mega Tyranitar,Rock,Dark,700,100,164,150,95,120,71,2,T,A
282,Mega Gardevoir,Psychic,Fairy,618,68,85,65,165,135,100,3,T,A
286,Breloom,Grass,Fighting,460,60,130,80,60,60,70,3,F,A
308,Mega Medicham,Fighting,Psychic,510,60,100,85,80,85,100,3,T,A
310,Mega Manectric,Electric,,575,70,75,80,135,80,135,3,T,A
376,Mega Metagross,Steel,Psychic,700,80,145,150,105,110,110,3,T,A
380,Latias,Dragon,Psychic,600,80,80,90,110,130,110,3,T,A
380,Mega Latias,Dragon,Psychic,700,80,100,120,140,150,110,3,T,A
381,Latios,Dragon,Psychic,600,80,90,80,130,110,110,3,T,A
381,Mega Latios,Dragon,Psychic,700,80,130,100,160,120,110,3,T,A
385,Jirachi,Steel,Psychic,600,100,100,100,100,100,100,3,T,A
428,Mega Lopunny,Normal,Fighting,580,65,136,94,54,96,135,4,T,A
445,Garchomp,Dragon,Ground,600,108,130,95,80,85,102,4,F,A
445,Mega Garchomp,Dragon,Ground,700,108,170,115,120,95,92,4,T,A
450,Hippowdon,Ground,,525,108,112,118,68,72,47,4,F,A
461,Weavile,Dark,Ice,510,70,120,65,45,85,125,4,F,A
462,Magnezone,Electric,Steel,535,70,70,115,130,90,60,4,F,A
465,Tangrowth,Grass,,535,100,100,125,110,50,50,4,F,A
472,Gliscor,Ground,Flying,510,75,95,125,45,75,95,4,F,A
482,Azelf,Psychic,,580,75,125,70,125,70,115,4,T,A
485,Heatran,Fire,Steel,600,91,90,106,130,106,77,4,T,A
490,Manaphy,Water,,600,100,100,100,100,100,100,4,T,A
497,Serperior,Grass,,528,75,75,95,75,95,113,5,F,A
530,Excadrill,Ground,Steel,508,110,135,60,50,65,88,5,F,A
591,Amoonguss,Grass,Poison,464,114,85,70,85,80,30,5,F,A
598,Ferrothorn,Grass,Steel,489,74,94,131,54,116,20,5,F,A
625,Bisharp,Dark,Steel,490,65,125,100,60,70,70,5,F,A
663,Talonflame,Fire,Flying,499,78,81,71,74,69,126,6,F,A
719,Mega Diancie,Rock,Fairy,700,50,160,110,160,110,110,6,T,A
721,Volcanion,Fire,Water,600,80,110,120,130,90,70,6,T,A
647,Keldeo,Water,Fighting,580,91,72,90,129,90,108,5,F,A
646,Kyurem-B,Dragon,Ice,700,125,170,100,120,90,95,5,T,A
645,Landorus-T,Ground,Flying,600,89,145,90,105,80,91,5,T,A
641,Tornadus-T,Flying,,580,79,100,80,110,90,121,5,T,A
479,Rotom-W,Electric,Water,520,50,65,107,105,107,86,4,F,A
642,Thundurus,Electric,Flying,580,79,115,70,125,80,111,5,T,A
18,Mega Pidgeot,Normal,Flying,579,83,80,80,135,80,121,1,T,A
65,Alakazam,Psychic,,500,55,50,45,135,95,120,1,F,A
65,Mega Alakazam,Psychic,,590,55,50,65,175,95,150,1,T,A
130,Mega Gyarados,Water,Dark,640,95,155,109,70,130,81,1,T,A
334,Mega Altaria,Dragon,Fairy,590,75,110,110,110,105,80,3,T,A
373,Salamence,Dragon,Flying,600,95,135,80,110,80,100,3,F,A
398,Staraptor,Normal,Flying,485,85,120,70,50,60,100,4,F,A
468,Togekiss,Fairy,Flying,545,85,50,95,120,115,80,4,F,A
475,Mega Gallade,Psychic,Fighting,618,68,165,95,65,115,110,4,T,A
494,Victini,Psychic,Fire,600,100,100,100,100,100,100,5,T,A
545,Scolipede,Bug,Poison,485,60,100,89,55,69,112,5,F,A
637,Volcarona,Bug,Fire,550,85,60,65,135,105,100,5,F,A
639,Terrakion,Rock,Fighting,580,91,129,90,72,90,108,5,T,A
660,Diggersby,Normal,Ground,423,85,56,77,50,77,78,6,F,A
701,Hawlucha,Fighting,Flying,500,78,92,75,74,63,118,6,F,A
642,Thundurus-T,Electric,Flying,580,79,105,70,145,80,101,5,T,A
718,Zygarde,Dragon,Ground,600,108,100,121,81,95,95,6,T,A
9,Mega Blastoise,Water,,630,79,103,120,135,115,78,1,T,B
15,Mega Beedrill,Bug,Poison,495,65,150,40,15,80,145,1,T,B
31,Nidoqueen,Poison,Ground,505,90,92,87,75,85,76,1,F,B
34,Nidoking,Poison,Ground,505,81,102,77,85,75,85,1,F,B
59,Arcanine,Fire,,555,90,110,80,100,80,95,1,F,B
68,Machamp,Fighting,,505,90,130,80,65,85,55,1,F,B
73,Tentacruel,Water,Poison,515,80,70,65,80,120,100,1,F,B
91,Cloyster,Water,Ice,525,50,95,180,85,45,70,1,F,B
130,Gyarados,Water,Flying,540,95,125,79,60,100,81,1,F,B
134,Vaporeon,Water,,525,130,65,60,110,95,65,1,F,B
142,Mega Aerodactyl,Rock,Flying,615,80,135,85,70,95,150,1,T,B
143,Snorlax,Normal,,540,160,110,65,65,110,30,1,F,B
160,Feraligatr,Water,,530,85,105,100,79,83,78,2,F,B
169,Crobat,Poison,Flying,535,85,90,80,70,80,130,2,F,B
181,Mega Ampharos,Electric,Dragon,610,90,95,105,165,110,45,2,T,B
196,Espeon,Psychic,,525,65,65,60,130,95,110,2,F,B
197,Umbreon,Dark,,525,95,65,110,60,130,65,2,F,B
205,Forretress,Bug,Steel,465,75,90,140,60,60,40,2,F,B
207,Gligar,Ground,Flying,430,65,75,105,35,65,85,2,F,B
214,Heracross,Bug,Fighting,500,80,125,75,40,95,85,2,F,B
232,Donphan,Ground,,500,90,120,120,60,60,50,2,F,B
233,Porygon2,Normal,,515,85,80,90,105,95,60,2,F,B
242,Blissey,Normal,,540,255,10,10,75,135,55,2,F,B
244,Entei,Fire,,580,115,115,85,90,75,100,2,T,B
245,Suicune,Water,,580,100,75,115,90,115,85,2,T,B
251,Celebi,Psychic,Grass,600,100,100,100,100,100,100,2,T,B
254,Mega Sceptile,Grass,Dragon,630,70,110,75,145,85,145,3,T,B
260,Swampert,Water,Ground,535,100,110,90,85,90,60,3,F,B
260,Mega Swampert,Water,Ground,635,100,150,110,95,110,70,3,T,B
282,Gardevoir,Psychic,Fairy,518,68,65,65,125,115,80,3,F,B
306,Mega Aggron,Steel,,630,70,140,230,60,80,50,3,T,B
319,Mega Sharpedo,Water,Dark,560,70,140,70,110,65,105,3,T,B
342,Crawdaunt,Water,Dark,468,63,120,85,90,55,55,3,F,B
350,Milotic,Water,,540,95,60,79,100,125,81,3,F,B
359,Mega Absol,Dark,,565,65,150,60,115,60,115,3,T,B
376,Metagross,Steel,Psychic,600,80,135,130,95,90,70,3,F,B
392,Infernape,Fire,Fighting,534,76,104,71,104,71,108,4,F,B
395,Empoleon,Water,Steel,530,84,86,88,111,101,60,4,F,B
407,Roserade,Grass,Poison,515,60,70,65,125,105,90,4,F,B
448,Lucario,Fighting,Steel,525,70,110,70,115,70,90,4,F,B
454,Toxicroak,Poison,Fighting,490,83,106,65,86,65,85,4,F,B
473,Mamoswine,Ice,Ground,530,110,130,80,70,60,80,4,F,B
474,Porygon-Z,Normal,,535,85,80,70,135,75,90,4,F,B
488,Cresselia,Psychic,,600,120,70,120,75,130,85,4,F,B
534,Conkeldurr,Fighting,,505,105,140,95,55,65,45,5,F,B
547,Whimsicott,Grass,Fairy,480,60,67,85,77,75,116,5,F,B
553,Krookodile,Ground,Dark,519,95,117,80,65,70,92,5,F,B
579,Reuniclus,Psychic,,490,110,65,75,125,85,30,5,F,B
596,Galvantula,Bug,Electric,472,70,77,60,97,60,108,5,F,B
609,Chandelure,Ghost,Fire,520,60,55,90,145,90,80,5,F,B
612,Haxorus,Dragon,,540,76,147,90,60,70,97,5,F,B
620,Mienshao,Fighting,,510,65,125,60,95,60,105,5,F,B
630,Mandibuzz,Dark,Flying,510,110,65,105,55,95,80,5,F,B
635,Hydreigon,Dark,Dragon,600,92,105,90,125,90,98,5,F,B
638,Cobalion,Steel,Fighting,580,91,90,129,90,72,108,5,T,B
652,Chesnaught,Grass,Fighting,530,88,107,122,74,75,64,6,F,B
671,Florges,Fairy,,552,78,65,68,112,154,75,6,F,B
680,Doublade,Steel,Ghost,448,59,110,150,45,49,35,6,F,B
695,Heliolisk,Electric,Normal,481,62,55,52,109,94,109,6,F,B
700,Sylveon,Fairy,,525,95,65,65,110,130,60,6,F,B
706,Goodra,Dragon,,600,90,100,70,110,150,80,6,F,B
707,Klefki,Steel,Fairy,470,57,80,91,80,87,75,6,F,B
555,Darmanitan,Fire,,480,105,140,55,30,55,95,5,F,B
479,Rotom-H,Electric,Fire,520,50,65,107,105,107,86,4,F,B
641,Tornadus,Flying,,580,79,115,70,125,80,111,5,T,B
49,Venomoth,Bug,Poison,450,70,65,60,90,75,90,1,F,B
146,Moltres,Fire,Flying,580,90,100,90,125,85,90,1,T,B
208,Mega Steelix,Steel,Ground,610,75,125,230,55,95,30,2,T,B
213,Shuckle,Bug,Rock,505,20,10,230,10,230,5,2,F,B
229,Mega Houndoom,Dark,Fire,600,75,90,90,140,90,115,2,T,B
230,Kingdra,Water,Dragon,540,75,95,95,95,95,85,2,F,B
302,Sableye,Dark,Ghost,380,50,75,75,65,65,50,3,F,B
319,Sharpedo,Water,Dark,460,70,120,40,95,40,95,3,F,B
430,Honchkrow,Dark,Flying,505,100,125,52,105,52,71,4,F,B
460,Mega Abomasnow,Grass,Ice,594,90,132,105,132,105,30,4,T,B
469,Yanmega,Bug,Flying,515,86,76,86,116,56,95,4,F,B
478,Froslass,Ice,Ghost,480,70,80,70,80,70,110,4,F,B
571,Zoroark,Dark,,510,60,105,60,120,60,105,5,F,B
632,Durant,Bug,Steel,484,58,109,112,48,48,109,5,F,B
646,Kyurem,Dragon,Ice,660,125,130,90,130,90,95,5,T,B
675,Pangoro,Fighting,Dark,495,95,124,78,69,71,58,6,F,B
685,Slurpuff,Fairy,,480,82,80,86,85,75,72,6,F,B
691,Dragalge,Poison,Dragon,494,65,75,90,97,123,44,6,F,B
697,Tyrantrum,Rock,Dragon,521,82,121,119,69,59,71,6,F,B
715,Noivern,Flying,Dragon,535,85,70,80,97,80,123,6,F,B
492,Shaymin,Grass,,600,100,100,100,100,100,100,4,T,B
3,Venusaur,Grass,Poison,525,80,82,83,100,100,80,1,F,C
9,Blastoise,Water,,530,79,83,100,85,105,78,1,F,C
42,Golbat,Poison,Flying,455,75,80,70,65,75,90,1,F,C
82,Magneton,Electric,Steel,465,50,60,95,120,70,70,1,F,C
106,Hitmonlee,Fighting,,455,50,120,53,35,110,87,1,F,C
135,Jolteon,Electric,,525,65,65,60,110,95,130,1,F,C
142,Aerodactyl,Rock,Flying,515,80,105,65,60,75,130,1,F,C
157,Typhlosion,Fire,,534,78,84,78,109,85,100,2,F,C
176,Togetic,Fairy,Flying,405,55,40,85,80,105,40,2,F,C
199,Slowking,Water,Psychic,490,95,75,80,100,110,30,2,F,C
210,Granbull,Fairy,,450,90,120,75,60,60,45,2,F,C
211,Qwilfish,Water,Poison,430,65,95,75,55,55,85,2,F,C
215,Sneasel,Dark,Ice,430,55,95,55,35,75,115,2,F,C
229,Houndoom,Dark,Fire,500,75,90,50,110,80,95,2,F,C
237,Hitmontop,Fighting,,455,50,95,95,35,110,70,2,F,C
295,Exploud,Normal,,490,104,91,63,91,73,68,3,F,C
308,Medicham,Fighting,Psychic,410,60,60,75,60,75,80,3,F,C
323,Mega Camerupt,Fire,Ground,560,70,120,100,145,105,20,3,T,C
330,Flygon,Ground,Dragon,520,80,100,80,80,80,100,3,F,C
354,Mega Banette,Ghost,,555,64,165,75,93,83,75,3,T,C
359,Absol,Dark,,465,65,130,60,75,60,75,3,F,C
362,Mega Glalie,Ice,,580,80,120,80,120,80,100,3,T,C
379,Registeel,Steel,,580,80,75,150,75,150,50,3,T,C
424,Ambipom,Normal,,482,75,100,66,60,66,115,4,F,C
437,Bronzong,Steel,Psychic,500,67,89,116,79,116,33,4,F,C
442,Spiritomb,Ghost,Dark,485,50,92,108,92,108,35,4,F,C
452,Drapion,Poison,Dark,500,70,90,110,60,75,95,4,F,C
464,Rhyperior,Ground,Rock,535,115,140,130,55,55,40,4,F,C
475,Gallade,Psychic,Fighting,518,68,125,65,65,115,80,4,F,C
480,Uxie,Psychic,,580,75,75,130,75,130,95,4,T,C
500,Emboar,Fire,Fighting,528,110,123,65,100,65,65,5,F,C
537,Seismitoad,Water,Ground,509,105,95,75,85,75,74,5,F,C
539,Sawk,Fighting,,465,75,125,75,30,75,85,5,F,C
560,Scrafty,Dark,Fighting,488,65,90,115,45,115,58,5,F,C
561,Sigilyph,Psychic,Flying,490,72,58,80,103,80,97,5,F,C
563,Cofagrigus,Ghost,,483,58,50,145,95,105,30,5,F,C
573,Cinccino,Normal,,470,75,95,60,65,60,115,5,F,C
589,Escavalier,Bug,Steel,495,70,135,105,60,105,20,5,F,C
593,Jellicent,Water,Ghost,480,100,60,70,85,105,60,5,F,C
594,Alomomola,Water,,470,165,75,80,40,45,65,5,F,C
604,Eelektross,Electric,,515,85,115,80,105,80,50,5,F,C
617,Accelgor,Bug,,495,80,70,40,100,60,145,5,F,C
621,Druddigon,Dragon,,485,77,120,90,60,90,48,5,F,C
628,Braviary,Normal,Flying,510,100,123,75,57,75,80,5,F,C
640,Virizion,Grass,Fighting,580,91,90,72,90,129,108,5,T,C
655,Delphox,Fire,Psychic,534,75,69,72,114,100,104,6,F,C
662,Fletchinder,Fire,Flying,382,62,73,55,56,52,84,6,F,C
683,Aromatisse,Fairy,,462,101,72,72,99,89,29,6,F,C
693,Clawitzer,Water,,500,71,73,88,120,89,59,6,F,C
719,Diancie,Rock,Fairy,600,50,100,150,100,150,50,6,T,C
720,Hoopa,Psychic,Ghost,600,80,110,60,150,130,70,6,T,C
479,Meloetta,Electric,Grass,520,50,65,107,105,107,86,4,T,C
648,Meloetta-P,Normal,Psychic,600,100,77,77,128,128,90,5,T,C
648,Rotom-C,Normal,Fighting,600,100,128,90,77,77,128,5,F,C
254,Sceptile,Grass,,530,70,85,65,105,85,120,3,F,C
6,Charizard,Fire,Flying,534,78,84,78,109,85,100,1,F,D
28,Sandslash,Ground,,450,75,100,110,45,55,65,1,F,D
45,Vileplume,Grass,Poison,490,75,80,85,110,90,50,1,F,D
57,Primeape,Fighting,,455,65,105,60,60,70,95,1,F,D
62,Poliwrath,Water,Fighting,510,90,95,95,70,90,70,1,F,D
93,Haunter,Ghost,Poison,405,45,50,45,115,55,95,1,F,D
107,Hitmonchan,Fighting,,455,50,105,79,35,110,76,1,F,D
110,Weezing,Poison,,490,65,90,120,85,70,60,1,F,D
112,Rhydon,Ground,Rock,485,105,130,120,45,45,40,1,F,D
115,Kangaskhan,Normal,,490,105,95,80,40,80,90,1,F,D
123,Scyther,Bug,Flying,500,70,110,80,55,80,105,1,F,D
124,Jynx,Ice,Psychic,455,65,50,35,115,95,95,1,F,D
127,Pinsir,Bug,,500,65,125,100,55,70,85,1,F,D
128,Tauros,Normal,,490,75,100,95,40,70,110,1,F,D
139,Omastar,Rock,Water,495,70,60,125,115,70,55,1,F,D
141,Kabutops,Rock,Water,495,60,115,105,65,70,80,1,F,D
171,Lanturn,Water,Electric,460,125,58,58,76,76,67,2,F,D
178,Xatu,Psychic,Flying,470,65,75,70,95,70,95,2,F,D
208,Steelix,Steel,Ground,510,75,85,200,55,65,30,2,F,D
221,Piloswine,Ice,Ground,450,100,100,80,60,60,50,2,F,D
226,Mantine,Water,Flying,465,65,40,70,80,140,70,2,F,D
241,Miltank,Normal,,490,95,80,105,40,70,100,2,F,D
272,Ludicolo,Water,Grass,480,80,70,70,90,100,70,3,F,D
275,Shiftry,Grass,Dark,480,90,100,60,90,60,80,3,F,D
277,Swellow,Normal,Flying,430,60,85,60,50,50,125,3,F,D
297,Hariyama,Fighting,,474,144,120,60,40,60,50,3,F,D
306,Aggron,Steel,Rock,530,70,110,180,60,60,50,3,F,D
310,Manectric,Electric,,475,70,75,60,105,60,105,3,F,D
335,Zangoose,Normal,,458,73,115,60,60,60,90,3,F,D
344,Claydol,Ground,Psychic,500,60,70,105,70,120,75,3,F,D
346,Cradily,Rock,Grass,495,86,81,97,81,107,43,3,F,D
352,Kecleon,Normal,,440,60,90,70,60,120,40,3,F,D
377,Regirock,Rock,,580,80,100,200,50,100,50,3,T,D
389,Torterra,Grass,Ground,525,95,109,105,75,85,56,4,F,D
423,Gastrodon,Water,Ground,475,111,83,68,92,82,39,4,F,D
429,Mismagius,Ghost,,495,60,60,60,105,105,105,4,F,D
435,Skuntank,Poison,Dark,479,103,93,67,71,61,84,4,F,D
460,Abomasnow,Grass,Ice,494,90,92,75,92,85,60,4,F,D
466,Electivire,Electric,,540,75,123,67,95,85,95,4,F,D
467,Magmortar,Fire,,540,75,95,67,125,95,83,4,F,D
481,Mesprit,Psychic,,580,80,105,105,105,105,80,4,T,D
503,Samurott,Water,,528,95,100,85,108,70,70,5,F,D
510,Liepard,Dark,,446,64,88,50,88,50,106,5,F,D
531,Mega Audino,Normal,Fairy,545,103,60,126,80,126,50,5,T,D
533,Gurdurr,Fighting,,405,85,105,85,40,50,40,5,F,D
549,Lilligant,Grass,,480,70,60,75,110,75,90,5,F,D
567,Archeops,Rock,Flying,567,75,140,65,112,65,110,5,F,D
569,Garbodor,Poison,,474,80,95,82,60,82,75,5,F,D
597,Ferroseed,Grass,Steel,305,44,50,91,24,86,10,5,F,D
601,Klinklang,Steel,,520,60,100,115,70,85,90,5,F,D
623,Golurk,Ground,Ghost,483,89,124,80,55,80,55,5,F,D
666,Vivillon,Bug,Flying,411,80,52,50,90,50,89,6,F,D
668,Pyroar,Fire,Normal,507,86,68,72,109,66,106,6,F,D
687,Malamar,Dark,Psychic,482,86,92,88,68,75,73,6,F,D
689,Barbaracle,Rock,Water,500,72,105,115,54,86,68,6,F,D
699,Aurorus,Rock,Ice,521,123,77,72,99,92,58,6,F,D
479,Rotom,Electric,Ghost,440,50,50,77,95,77,91,4,F,D
67,Machoke,Fighting,,405,80,100,70,50,60,45,1,F,D
71,Victreebel,Grass,Poison,490,80,105,65,100,70,70,1,F,D
103,Exeggutor,Grass,Psychic,520,95,95,85,125,65,55,1,F,D
264,Linoone,Normal,,420,78,70,61,50,61,100,3,F,D
288,Vigoroth,Normal,,440,80,80,80,55,55,90,3,F,D
518,Musharna,Psychic,,487,116,55,85,107,95,29,5,F,D
538,Throh,Fighting,,465,120,100,85,30,85,45,5,F,D
565,Carracosta,Water,Rock,495,74,108,133,83,65,32,5,F,D
8,Wartortle,Water,,405,59,63,80,65,80,58,1,F,F
12,Butterfree,Bug,Flying,395,60,45,50,90,80,70,1,F,F
15,Beedrill,Bug,Poison,395,65,90,40,45,80,75,1,F,F
18,Pidgeot,Normal,Flying,479,83,80,75,70,70,101,1,F,F
20,Raticate,Normal,,413,55,81,60,50,70,97,1,F,F
22,Fearow,Normal,Flying,442,65,90,65,61,61,100,1,F,F
24,Arbok,Poison,,438,60,85,69,65,79,80,1,F,F
26,Raichu,Electric,,485,60,90,55,90,80,110,1,F,F
35,Clefairy,Fairy,,323,70,45,48,60,65,35,1,F,F
38,Ninetales,Fire,,505,73,76,75,81,100,100,1,F,F
40,Wigglytuff,Normal,Fairy,435,140,70,45,85,50,45,1,F,F
47,Parasect,Bug,Grass,405,60,95,80,60,80,30,1,F,F
53,Persian,Normal,,440,65,70,60,65,65,115,1,F,F
55,Golduck,Water,,500,80,82,78,95,80,85,1,F,F
64,Kadabra,Psychic,,400,40,35,30,120,70,105,1,F,F
76,Golem,Rock,Ground,495,80,120,130,55,65,45,1,F,F
78,Rapidash,Fire,,500,65,100,70,80,80,105,1,F,F
83,Frfetch'd,Normal,Flying,352,52,65,55,58,62,60,1,F,F
85,Dodrio,Normal,Flying,460,60,110,70,60,60,100,1,F,F
87,Dewgong,Water,Ice,475,90,70,80,70,95,70,1,F,F
89,Muk,Poison,,500,105,105,75,65,100,50,1,F,F
97,Hypno,Psychic,,483,85,73,70,73,115,67,1,F,F
99,Kingler,Water,,475,55,130,115,50,50,75,1,F,F
101,Electrode,Electric,,480,60,50,70,80,80,140,1,F,F
105,Marowak,Ground,,425,60,80,110,50,80,45,1,F,F
114,Tangela,Grass,,435,65,55,115,100,40,60,1,F,F
119,Seaking,Water,,450,80,92,65,65,80,68,1,F,F
122,Mr. Mime,Psychic,Fairy,460,40,45,65,100,120,90,1,F,F
131,Lapras,Water,Ice,535,130,85,80,85,95,60,1,F,F
132,Ditto,Normal,,288,48,48,48,48,48,48,1,F,F
136,Flareon,Fire,,525,65,130,60,95,110,65,1,F,F
144,Articuno,Ice,Flying,580,90,85,100,95,125,85,1,T,F
148,Dragonair,Dragon,,420,61,84,65,70,70,70,1,F,F
154,Meganium,Grass,,525,80,82,100,83,100,80,2,T,F
162,Furret,Normal,,415,85,76,64,45,55,90,2,F,F
164,Noctowl,Normal,Flying,442,100,50,50,76,96,70,2,F,F
166,Ledian,Bug,Flying,390,55,35,50,55,110,85,2,F,F
168,Ariados,Bug,Poison,390,70,90,70,60,60,40,2,F,F
181,Ampharos,Electric,,510,90,75,85,115,90,55,2,F,F
182,Bellossom,Grass,,490,75,80,95,90,100,50,2,F,F
185,Sudowoodo,Rock,,410,70,100,115,30,65,30,2,F,F
186,Politoed,Water,,500,90,75,75,90,100,70,2,F,F
189,Jumpluff,Grass,Flying,460,75,55,70,55,95,110,2,F,F
192,Sunflora,Grass,,425,75,75,55,105,85,30,2,F,F
195,Quagsire,Water,Ground,430,95,85,85,65,65,35,2,F,F
198,Murkrow,Dark,Flying,405,60,85,42,85,42,91,2,F,F
200,Misdreavus,Ghost,,435,60,60,60,85,85,85,2,F,F
201,Unown,Psychic,,336,48,72,48,72,48,48,2,F,F
202,Wobbuffet,Psychic,,405,190,33,58,33,58,33,2,F,F
203,Girafarig,Normal,Psychic,455,70,80,65,90,65,85,2,F,F
206,Dunsparce,Normal,,415,100,70,70,65,65,45,2,F,F
217,Ursaring,Normal,,500,90,130,75,75,75,55,2,F,F
219,Magcargo,Fire,Rock,410,50,50,120,80,80,30,2,F,F
222,Corsola,Water,Rock,380,55,55,85,65,85,35,2,F,F
224,Octillery,Water,,480,75,105,75,105,75,45,2,F,F
225,Delibird,Ice,Flying,330,45,55,45,65,45,75,2,F,F
234,Stantler,Normal,,465,73,95,62,85,65,85,2,F,F
235,Smeargle,Normal,,250,55,20,35,20,45,75,2,F,F
256,Combusken,Fire,Fighting,405,60,85,60,85,60,55,3,F,F
262,Mightyena,Dark,,420,70,90,70,60,60,70,3,F,F
267,Beautifly,Bug,Flying,395,60,70,50,100,50,65,3,F,F
269,Dustox,Bug,Poison,385,60,50,70,50,90,65,3,F,F
279,Pelipper,Water,Flying,430,60,50,100,85,70,65,3,F,F
284,Masquerain,Bug,Flying,414,70,60,62,80,82,60,3,F,F
289,Slaking,Normal,,670,150,160,100,95,65,100,3,F,F
291,Ninjask,Bug,Flying,456,61,90,45,50,50,160,3,F,F
292,Shedinja,Bug,Ghost,236,1,90,45,30,30,40,3,F,F
301,Delcatty,Normal,,380,70,65,65,55,55,70,3,F,F
303,Mawile,Steel,Fairy,380,50,85,85,55,55,50,3,F,F
311,Plusle,Electric,,405,60,50,40,85,75,95,3,F,F
312,Minun,Electric,,405,60,40,50,75,85,95,3,F,F
313,Volbeat,Bug,,400,65,73,55,47,75,85,3,F,F
314,Illumise,Bug,,400,65,47,55,73,75,85,3,F,F
315,Roselia,Grass,Poison,400,50,60,45,100,80,65,3,F,F
317,Swalot,Poison,,467,100,73,83,73,83,55,3,F,F
321,Wailord,Water,,500,170,90,45,90,45,60,3,F,F
323,Camerupt,Fire,Ground,460,70,100,70,105,75,40,3,F,F
324,Torkoal,Fire,,470,70,85,140,85,70,20,3,F,F
326,Grumpig,Psychic,,470,80,45,65,90,110,80,3,F,F
327,Spinda,Normal,,360,60,60,60,60,60,60,3,F,F
329,Vibrava,Ground,Dragon,340,50,70,50,50,50,70,3,F,F
332,Cacturne,Grass,Dark,475,70,115,60,115,60,55,3,F,F
334,Altaria,Dragon,Flying,490,75,70,90,70,105,80,3,F,F
336,Seviper,Poison,,458,73,100,60,100,60,65,3,F,F
337,Lunatone,Rock,Psychic,440,70,55,65,95,85,70,3,F,F
338,Solrock,Rock,Psychic,440,70,95,85,55,65,70,3,F,F
340,Whiscash,Water,Ground,468,110,78,73,76,71,60,3,F,F
348,Armaldo,Rock,Bug,495,75,125,100,70,80,45,3,F,F
351,Castform,Normal,,420,70,70,70,70,70,70,3,F,F
354,Banette,Ghost,,455,64,115,65,83,63,65,3,F,F
356,Dusclops,Ghost,,455,40,70,130,60,130,25,3,F,F
357,Tropius,Grass,Flying,460,99,68,83,72,87,51,3,F,F
358,Chimecho,Psychic,,425,65,50,70,95,80,65,3,F,F
362,Glalie,Ice,,480,80,80,80,80,80,80,3,F,F
365,Walrein,Ice,Water,530,110,80,90,95,90,65,3,F,F
367,Huntail,Water,,485,55,104,105,94,75,52,3,F,F
368,Gorebyss,Water,,485,55,84,105,114,75,52,3,F,F
369,Relicanth,Water,Rock,485,100,90,130,45,65,55,3,F,F
370,Luvdisc,Water,,330,43,30,55,40,65,97,3,F,F
375,Metang,Steel,Psychic,420,60,75,100,55,80,50,3,F,F
378,Regice,Ice,,580,80,50,100,100,200,50,3,T,F
391,Monferno,Fire,Fighting,405,64,78,52,78,52,81,4,F,F
394,Prinplup,Water,,405,64,66,68,81,76,50,4,F,F
400,Bibarel,Normal,Water,410,79,85,60,55,60,71,4,F,F
402,Kricketune,Bug,,384,77,85,51,55,51,65,4,F,F
405,Luxray,Electric,,523,80,120,79,95,79,70,4,F,F
409,Rampardos,Rock,,495,97,165,60,65,50,58,4,F,F
411,Bastiodon,Rock,Steel,495,60,52,168,47,138,30,4,F,F
414,Mothim,Bug,Flying,424,70,94,50,94,50,66,4,F,F
416,Vespiquen,Bug,Flying,474,70,80,102,80,102,40,4,F,F
417,Pachirisu,Electric,,405,60,45,70,45,90,95,4,F,F
419,Floatzel,Water,,495,85,105,55,85,50,115,4,F,F
421,Cherrim,Grass,,450,70,60,70,87,78,85,4,F,F
426,Drifblim,Ghost,Flying,498,150,80,44,90,54,80,4,F,F
428,Lopunny,Normal,,480,65,76,84,54,96,105,4,F,F
432,Purugly,Normal,,452,71,82,64,64,59,112,4,F,F
441,Chatot,Normal,Flying,411,76,65,45,92,42,91,4,F,F
444,Gabite,Dragon,Ground,410,68,90,65,50,55,82,4,F,F
455,Carnivine,Grass,,454,74,100,72,90,72,46,4,F,F
457,Lumineon,Water,,460,69,69,76,69,86,91,4,F,F
463,Lickilicky,Normal,,515,110,85,95,80,95,50,4,F,F
470,Leafeon,Grass,,525,65,110,130,60,65,95,4,F,F
471,Glaceon,Ice,,525,65,60,110,130,95,65,4,F,F
476,Probopass,Rock,Steel,525,60,55,145,75,150,40,4,F,F
477,Dusknoir,Ghost,,525,45,100,135,65,135,45,4,F,F
486,Regigigas,Normal,,670,110,160,110,80,110,100,4,T,F
489,Phione,Water,,480,80,80,80,80,80,80,4,T,F
496,Servine,Grass,,413,60,60,75,60,75,83,5,F,F
505,Watchog,Normal,,420,60,85,69,60,69,77,5,F,F
508,Stoutland,Normal,,500,85,110,90,45,90,80,5,F,F
512,Simisage,Grass,,498,75,98,63,98,63,101,5,F,F
514,Simisear,Fire,,498,75,98,63,98,63,101,5,F,F
516,Simipour,Water,,498,75,98,63,98,63,101,5,F,F
521,Unfezant,Normal,Flying,488,80,115,80,65,55,93,5,F,F
523,Zebstrika,Electric,,497,75,100,63,80,63,116,5,F,F
526,Gigalith,Rock,,515,85,135,130,60,80,25,5,F,F
528,Swoobat,Psychic,Flying,425,67,57,55,77,55,114,5,F,F
531,Audino,Normal,,445,103,60,86,60,86,50,5,F,F
542,Leavanny,Bug,Grass,500,75,103,80,70,80,92,5,F,F
550,Basculin,Water,,460,70,92,65,80,55,98,5,F,F
552,Krokorok,Ground,Dark,351,60,82,45,45,45,74,5,F,F
556,Maractus,Grass,,461,75,86,67,106,67,60,5,F,F
558,Crustle,Bug,Rock,475,70,95,125,65,75,45,5,F,F
576,Gothitelle,Psychic,,490,70,55,95,95,110,65,5,F,F
578,Duosion,Psychic,,370,65,40,50,125,60,30,5,F,F
581,Swanna,Water,Flying,473,75,87,63,87,63,98,5,F,F
584,Vanilluxe,Ice,,535,71,95,85,110,95,79,5,F,F
586,Sawsbuck,Normal,Grass,475,80,100,70,60,70,95,5,F,F
587,Emolga,Electric,Flying,428,55,75,60,75,60,103,5,F,F
600,Klang,Steel,,440,60,80,95,70,85,50,5,F,F
606,Beheeyem,Psychic,,485,75,75,75,125,95,40,5,F,F
611,Fraxure,Dragon,,410,66,117,70,40,50,67,5,F,F
614,Beartic,Ice,,485,95,110,80,70,80,50,5,F,F
615,Cryogonal,Ice,,485,70,50,30,95,135,105,5,F,F
618,Stunfisk,Ground,Electric,471,109,66,84,81,99,32,5,F,F
624,Pawniard,Dark,Steel,340,45,85,70,40,40,60,5,F,F
626,Bouffalant,Normal,,490,95,110,95,40,95,55,5,F,F
629,Vullaby,Dark,Flying,370,70,55,75,45,65,60,5,F,F
631,Heatmor,Fire,,484,85,97,66,105,66,65,5,F,F
634,Zweilous,Dark,Dragon,420,72,85,70,65,70,58,5,F,F
651,Quilladin,Grass,,405,61,78,95,56,58,57,6,F,F
673,Gogoat,Grass,,531,123,100,62,97,81,68,6,F,F
676,Furfrou,Normal,,472,75,80,60,65,90,102,6,F,F
702,Dedenne,Electric,Fairy,431,67,58,57,81,67,101,6,F,F
703,Carbink,Rock,Fairy,500,50,50,150,50,150,50,6,F,F
705,Sliggoo,Dragon,,452,68,75,53,83,113,60,6,F,F
709,Trevenant,Ghost,Grass,474,85,110,76,65,82,56,6,F,F
713,Avalugg,Ice,,514,95,117,184,44,46,28,6,F,F
711,Gourgeist,Ghost,Grass,494,65,90,122,58,75,84,6,F,F
711,Gourgeist-Small,Ghost,Grass,494,55,85,122,58,75,99,6,F,F
711,Gourgeist-Large,Ghost,Grass,494,75,95,122,58,75,69,6,F,F
711,Gourgeist-Super,Ghost,Grass,494,85,100,122,58,75,54,6,F,F
678,Meowstic-M,Psychic,,466,74,48,76,83,81,104,6,F,F
678,Meowstic-F,Psychic,,466,74,48,76,83,81,104,6,F,F
479,Rotom-F,Electric,Ice,520,50,65,107,105,107,86,4,F,F
479,Rotom-S,Electric,Flying,520,50,65,107,105,107,86,4,F,F
413,Wormadam-Plant,Bug,Grass,424,60,59,85,79,105,36,4,F,F
413,Wormadam-Sandy,Bug,Ground,424,60,79,105,59,85,36,4,F,F
413,Wormadam-Trash,Bug,Steel,424,60,69,95,69,95,36,4,F,F